--
-- PostgreSQL database dump
--

-- Dumped from database version 13.5 (Ubuntu 13.5-2.pgdg20.04+1)
-- Dumped by pg_dump version 13.5 (Ubuntu 13.5-2.pgdg20.04+1)

SET statement_timeout = 0;
SET lock_timeout = 0;
SET idle_in_transaction_session_timeout = 0;
SET client_encoding = 'UTF8';
SET standard_conforming_strings = on;
SELECT pg_catalog.set_config('search_path', '', false);
SET check_function_bodies = false;
SET xmloption = content;
SET client_min_messages = warning;
SET row_security = off;

SET default_tablespace = '';

SET default_table_access_method = heap;

--
-- Name: billing_address; Type: TABLE; Schema: public; Owner: miu_user
--

CREATE TABLE public.billing_address (
                                        id bigint NOT NULL,
                                        address character varying(255),
                                        city character varying(255),
                                        contact_no character varying(255),
                                        state character varying(255)
);


ALTER TABLE public.billing_address OWNER TO miu_user;

--
-- Name: billing_address_id_seq; Type: SEQUENCE; Schema: public; Owner: miu_user
--

ALTER TABLE public.billing_address ALTER COLUMN id ADD GENERATED BY DEFAULT AS IDENTITY (
    SEQUENCE NAME public.billing_address_id_seq
    START WITH 1
    INCREMENT BY 1
    NO MINVALUE
    NO MAXVALUE
    CACHE 1
);


--
-- Name: cart; Type: TABLE; Schema: public; Owner: miu_user
--

CREATE TABLE public.cart (
                             id bigint NOT NULL,
                             quantity integer NOT NULL,
                             product_id bigint,
                             user_id bigint
);


ALTER TABLE public.cart OWNER TO miu_user;

--
-- Name: cart_id_seq; Type: SEQUENCE; Schema: public; Owner: miu_user
--

ALTER TABLE public.cart ALTER COLUMN id ADD GENERATED BY DEFAULT AS IDENTITY (
    SEQUENCE NAME public.cart_id_seq
    START WITH 1
    INCREMENT BY 1
    NO MINVALUE
    NO MAXVALUE
    CACHE 1
);


--
-- Name: comments; Type: TABLE; Schema: public; Owner: miu_user
--

CREATE TABLE public.comments (
                                 id bigint NOT NULL,
                                 admin_approved boolean,
                                 comment text,
                                 created_date timestamp without time zone,
                                 updated_date timestamp without time zone,
                                 product_id bigint,
                                 user_id bigint
);


ALTER TABLE public.comments OWNER TO miu_user;

--
-- Name: comments_id_seq; Type: SEQUENCE; Schema: public; Owner: miu_user
--

ALTER TABLE public.comments ALTER COLUMN id ADD GENERATED BY DEFAULT AS IDENTITY (
    SEQUENCE NAME public.comments_id_seq
    START WITH 1
    INCREMENT BY 1
    NO MINVALUE
    NO MAXVALUE
    CACHE 1
);


--
-- Name: followers; Type: TABLE; Schema: public; Owner: miu_user
--

CREATE TABLE public.followers (
                                  id bigint NOT NULL,
                                  following bigint,
                                  user_id bigint
);


ALTER TABLE public.followers OWNER TO miu_user;

--
-- Name: followers_id_seq; Type: SEQUENCE; Schema: public; Owner: miu_user
--

ALTER TABLE public.followers ALTER COLUMN id ADD GENERATED BY DEFAULT AS IDENTITY (
    SEQUENCE NAME public.followers_id_seq
    START WITH 1
    INCREMENT BY 1
    NO MINVALUE
    NO MAXVALUE
    CACHE 1
);


--
-- Name: invoice_status; Type: TABLE; Schema: public; Owner: miu_user
--

CREATE TABLE public.invoice_status (
                                       id integer NOT NULL,
                                       status character varying(255)
);


ALTER TABLE public.invoice_status OWNER TO miu_user;

--
-- Name: invoice_status_id_seq; Type: SEQUENCE; Schema: public; Owner: miu_user
--

ALTER TABLE public.invoice_status ALTER COLUMN id ADD GENERATED BY DEFAULT AS IDENTITY (
    SEQUENCE NAME public.invoice_status_id_seq
    START WITH 1
    INCREMENT BY 1
    NO MINVALUE
    NO MAXVALUE
    CACHE 1
);


--
-- Name: invoices; Type: TABLE; Schema: public; Owner: miu_user
--

CREATE TABLE public.invoices (
                                 id bigint NOT NULL,
                                 invoice_date timestamp without time zone,
                                 invoice_status_code integer,
                                 payment_id bigint,
                                 user_payment_detail_id bigint
);


ALTER TABLE public.invoices OWNER TO miu_user;

--
-- Name: invoices_id_seq; Type: SEQUENCE; Schema: public; Owner: miu_user
--

ALTER TABLE public.invoices ALTER COLUMN id ADD GENERATED BY DEFAULT AS IDENTITY (
    SEQUENCE NAME public.invoices_id_seq
    START WITH 1
    INCREMENT BY 1
    NO MINVALUE
    NO MAXVALUE
    CACHE 1
);


--
-- Name: order_item; Type: TABLE; Schema: public; Owner: miu_user
--

CREATE TABLE public.order_item (
                                   id bigint NOT NULL,
                                   item_price double precision NOT NULL,
                                   quantity integer NOT NULL,
                                   product_id bigint,
                                   order_id bigint
);


ALTER TABLE public.order_item OWNER TO miu_user;

--
-- Name: order_item_id_seq; Type: SEQUENCE; Schema: public; Owner: miu_user
--

ALTER TABLE public.order_item ALTER COLUMN id ADD GENERATED BY DEFAULT AS IDENTITY (
    SEQUENCE NAME public.order_item_id_seq
    START WITH 1
    INCREMENT BY 1
    NO MINVALUE
    NO MAXVALUE
    CACHE 1
);


--
-- Name: order_status; Type: TABLE; Schema: public; Owner: miu_user
--

CREATE TABLE public.order_status (
                                     id integer NOT NULL,
                                     status character varying(255)
);


ALTER TABLE public.order_status OWNER TO miu_user;

--
-- Name: order_status_id_seq; Type: SEQUENCE; Schema: public; Owner: miu_user
--

ALTER TABLE public.order_status ALTER COLUMN id ADD GENERATED BY DEFAULT AS IDENTITY (
    SEQUENCE NAME public.order_status_id_seq
    START WITH 1
    INCREMENT BY 1
    NO MINVALUE
    NO MAXVALUE
    CACHE 1
);


--
-- Name: orders; Type: TABLE; Schema: public; Owner: miu_user
--

CREATE TABLE public.orders (
                               id bigint NOT NULL,
                               created_date timestamp without time zone,
                               updated_date timestamp without time zone,
                               invoice_id bigint,
                               order_status_code integer,
                               shipping_address_id bigint,
                               user_id bigint
);


ALTER TABLE public.orders OWNER TO miu_user;

--
-- Name: orders_id_seq; Type: SEQUENCE; Schema: public; Owner: miu_user
--

ALTER TABLE public.orders ALTER COLUMN id ADD GENERATED BY DEFAULT AS IDENTITY (
    SEQUENCE NAME public.orders_id_seq
    START WITH 1
    INCREMENT BY 1
    NO MINVALUE
    NO MAXVALUE
    CACHE 1
);


--
-- Name: payment_status; Type: TABLE; Schema: public; Owner: miu_user
--

CREATE TABLE public.payment_status (
                                       id integer NOT NULL,
                                       status character varying(255)
);


ALTER TABLE public.payment_status OWNER TO miu_user;

--
-- Name: payment_status_id_seq; Type: SEQUENCE; Schema: public; Owner: miu_user
--

ALTER TABLE public.payment_status ALTER COLUMN id ADD GENERATED BY DEFAULT AS IDENTITY (
    SEQUENCE NAME public.payment_status_id_seq
    START WITH 1
    INCREMENT BY 1
    NO MINVALUE
    NO MAXVALUE
    CACHE 1
);


--
-- Name: payments; Type: TABLE; Schema: public; Owner: miu_user
--

CREATE TABLE public.payments (
                                 id bigint NOT NULL,
                                 paid_amount double precision,
                                 payment_date timestamp without time zone,
                                 invoice_id bigint,
                                 payment_status_id integer
);


ALTER TABLE public.payments OWNER TO miu_user;

--
-- Name: payments_id_seq; Type: SEQUENCE; Schema: public; Owner: miu_user
--

ALTER TABLE public.payments ALTER COLUMN id ADD GENERATED BY DEFAULT AS IDENTITY (
    SEQUENCE NAME public.payments_id_seq
    START WITH 1
    INCREMENT BY 1
    NO MINVALUE
    NO MAXVALUE
    CACHE 1
);


--
-- Name: product; Type: TABLE; Schema: public; Owner: miu_user
--

CREATE TABLE public.product (
                                id bigint NOT NULL,
                                actual_price double precision,
                                created_date timestamp without time zone,
                                description text,
                                highlights text,
                                name character varying(255),
                                on_sale boolean,
                                sale_price double precision,
                                quantity_in_stock integer,
                                updated_date timestamp without time zone,
                                user_id bigint
);


ALTER TABLE public.product OWNER TO miu_user;

--
-- Name: product_id_seq; Type: SEQUENCE; Schema: public; Owner: miu_user
--

ALTER TABLE public.product ALTER COLUMN id ADD GENERATED BY DEFAULT AS IDENTITY (
    SEQUENCE NAME public.product_id_seq
    START WITH 1
    INCREMENT BY 1
    NO MINVALUE
    NO MAXVALUE
    CACHE 1
);


--
-- Name: product_images; Type: TABLE; Schema: public; Owner: miu_user
--

CREATE TABLE public.product_images (
                                       id bigint NOT NULL,
                                       extension character varying(255),
                                       image_path text,
                                       image_url text,
                                       name character varying(255),
                                       product_id bigint
);


ALTER TABLE public.product_images OWNER TO miu_user;

--
-- Name: product_images_id_seq; Type: SEQUENCE; Schema: public; Owner: miu_user
--

ALTER TABLE public.product_images ALTER COLUMN id ADD GENERATED BY DEFAULT AS IDENTITY (
    SEQUENCE NAME public.product_images_id_seq
    START WITH 1
    INCREMENT BY 1
    NO MINVALUE
    NO MAXVALUE
    CACHE 1
);


--
-- Name: role; Type: TABLE; Schema: public; Owner: miu_user
--

CREATE TABLE public.role (
                             id bigint NOT NULL,
                             role character varying(255)
);


ALTER TABLE public.role OWNER TO miu_user;

--
-- Name: role_id_seq; Type: SEQUENCE; Schema: public; Owner: miu_user
--

ALTER TABLE public.role ALTER COLUMN id ADD GENERATED BY DEFAULT AS IDENTITY (
    SEQUENCE NAME public.role_id_seq
    START WITH 1
    INCREMENT BY 1
    NO MINVALUE
    NO MAXVALUE
    CACHE 1
);


--
-- Name: shipping_address; Type: TABLE; Schema: public; Owner: miu_user
--

CREATE TABLE public.shipping_address (
                                         id bigint NOT NULL,
                                         address text,
                                         city character varying(255),
                                         contact_no character varying(255),
                                         state character varying(255),
                                         user_id bigint
);


ALTER TABLE public.shipping_address OWNER TO miu_user;

--
-- Name: shipping_address_id_seq; Type: SEQUENCE; Schema: public; Owner: miu_user
--

ALTER TABLE public.shipping_address ALTER COLUMN id ADD GENERATED BY DEFAULT AS IDENTITY (
    SEQUENCE NAME public.shipping_address_id_seq
    START WITH 1
    INCREMENT BY 1
    NO MINVALUE
    NO MAXVALUE
    CACHE 1
);


--
-- Name: user_payment_details; Type: TABLE; Schema: public; Owner: miu_user
--

CREATE TABLE public.user_payment_details (
                                             id bigint NOT NULL,
                                             card_no character varying(255),
                                             expiry character varying(255),
                                             payment_type character varying(255),
                                             security_code character varying(255),
                                             user_id bigint
);


ALTER TABLE public.user_payment_details OWNER TO miu_user;

--
-- Name: user_payment_details_id_seq; Type: SEQUENCE; Schema: public; Owner: miu_user
--

ALTER TABLE public.user_payment_details ALTER COLUMN id ADD GENERATED BY DEFAULT AS IDENTITY (
    SEQUENCE NAME public.user_payment_details_id_seq
    START WITH 1
    INCREMENT BY 1
    NO MINVALUE
    NO MAXVALUE
    CACHE 1
);


--
-- Name: users; Type: TABLE; Schema: public; Owner: miu_user
--

CREATE TABLE public.users (
                              id bigint NOT NULL,
                              active boolean NOT NULL,
                              admin_approved boolean,
                              created_date timestamp without time zone,
                              firstname character varying(255) NOT NULL,
                              lastname character varying(255) NOT NULL,
                              middlename character varying(255),
                              password character varying(255) NOT NULL,
                              username character varying(255) NOT NULL,
                              billing_address_id bigint
);


ALTER TABLE public.users OWNER TO miu_user;

--
-- Name: users_id_seq; Type: SEQUENCE; Schema: public; Owner: miu_user
--

ALTER TABLE public.users ALTER COLUMN id ADD GENERATED BY DEFAULT AS IDENTITY (
    SEQUENCE NAME public.users_id_seq
    START WITH 1
    INCREMENT BY 1
    NO MINVALUE
    NO MAXVALUE
    CACHE 1
);


--
-- Name: users_role; Type: TABLE; Schema: public; Owner: miu_user
--

CREATE TABLE public.users_role (
                                   user_id bigint NOT NULL,
                                   role_id bigint NOT NULL
);


ALTER TABLE public.users_role OWNER TO miu_user;

--
-- Data for Name: billing_address; Type: TABLE DATA; Schema: public; Owner: miu_user
--

COPY public.billing_address (id, address, city, contact_no, state) FROM stdin;
1	1000 N 4th St	Fairfield	1293874821	Iowa
2	1000 N 4th St	Fairfield	127368712	Iowa
\.


--
-- Data for Name: cart; Type: TABLE DATA; Schema: public; Owner: miu_user
--

COPY public.cart (id, quantity, product_id, user_id) FROM stdin;
\.


--
-- Data for Name: comments; Type: TABLE DATA; Schema: public; Owner: miu_user
--

COPY public.comments (id, admin_approved, comment, created_date, updated_date, product_id, user_id) FROM stdin;
2	t	I like this. Very nice deesign and good for gaming.	2021-12-15 12:02:08.641	2021-12-15 12:02:08.641	6	7
3	f	not nice laptop... Scam	2021-12-15 12:06:18.925	2021-12-15 12:06:18.925	3	7
4	f	It's too expensive. Can be bought at very low price.	2021-12-15 12:06:58.177	2021-12-15 12:06:58.177	5	7
5	f	nonsence product	2021-12-15 12:07:56.979	2021-12-15 12:07:56.979	5	3
\.


--
-- Data for Name: followers; Type: TABLE DATA; Schema: public; Owner: miu_user
--

COPY public.followers (id, following, user_id) FROM stdin;
1	2	3
\.


--
-- Data for Name: invoice_status; Type: TABLE DATA; Schema: public; Owner: miu_user
--

COPY public.invoice_status (id, status) FROM stdin;
1	ISSUED
2	PAID
\.


--
-- Data for Name: invoices; Type: TABLE DATA; Schema: public; Owner: miu_user
--

COPY public.invoices (id, invoice_date, invoice_status_code, payment_id, user_payment_detail_id) FROM stdin;
1	2021-12-15 11:35:05.524	2	1	1
2	2021-12-15 12:03:17.598	2	2	2
3	2021-12-15 12:10:04.883	1	3	1
4	2021-12-15 12:11:09.348	1	4	2
\.


--
-- Data for Name: order_item; Type: TABLE DATA; Schema: public; Owner: miu_user
--

COPY public.order_item (id, item_price, quantity, product_id, order_id) FROM stdin;
1	600	1	2	1
2	650	3	3	1
3	443	3	6	2
4	300	1	5	3
5	600	1	2	3
6	389	1	4	4
7	443	1	6	4
\.


--
-- Data for Name: order_status; Type: TABLE DATA; Schema: public; Owner: miu_user
--

COPY public.order_status (id, status) FROM stdin;
1	COMPLETED
2	CANCELLED
3	NEW
4	SHIPPED
\.


--
-- Data for Name: orders; Type: TABLE DATA; Schema: public; Owner: miu_user
--

COPY public.orders (id, created_date, updated_date, invoice_id, order_status_code, shipping_address_id, user_id) FROM stdin;
1	2021-12-15 11:35:05.538	2021-12-15 11:35:05.538	1	1	1	3
2	2021-12-15 12:03:17.599	2021-12-15 12:03:17.599	2	1	2	7
3	2021-12-15 12:10:04.883	2021-12-15 12:10:04.883	3	2	3	3
4	2021-12-15 12:11:09.348	2021-12-15 12:11:09.348	4	3	4	7
\.


--
-- Data for Name: payment_status; Type: TABLE DATA; Schema: public; Owner: miu_user
--

COPY public.payment_status (id, status) FROM stdin;
1	PAID
2	PENDING
3	CANCELLED
4	REFUNDED
\.


--
-- Data for Name: payments; Type: TABLE DATA; Schema: public; Owner: miu_user
--

COPY public.payments (id, paid_amount, payment_date, invoice_id, payment_status_id) FROM stdin;
1	0	2021-12-15 11:35:05.521	\N	2
2	0	2021-12-15 12:03:17.598	\N	2
3	0	2021-12-15 12:10:04.882	\N	2
4	0	2021-12-15 12:11:09.347	\N	2
\.


--
-- Data for Name: product; Type: TABLE DATA; Schema: public; Owner: miu_user
--

COPY public.product (id, actual_price, created_date, description, highlights, name, on_sale, sale_price, quantity_in_stock, updated_date, user_id) FROM stdin;
2	700	2021-12-15 11:06:37.893	About this item\n15.6" diagonal HD SVA BrightView micro-edge WLED-backlit, 220 nits, 45% NTSC (1366 x 768)\n10th Gen Intel Core i3-1005G1 (1.20 GHz - 3.40 GHz) | Intel UHD Graphics\n8 GB DDR4 SDRAM | 256GB SSD | Windows 10 Home in S mode\nBuilt-in HD Webcam with Dual Speakers | WiFi 802.11ac and Bluetooth 4.2\nMulti-format media card reader | 1 x USB-C 3.1 | 2 x USB 3.1 | 1 x HDMI | 1 x AC smart pin	Series\tHP 15 Laptop\nBrand\tHP\nScreen Size\t15.6 Inches\nOperating System\tWindows 10\nHuman Interface Input\tMicrophone, Keyboard\nCPU Manufacturer\tIntel\nColor\tSilver\nHard Disk Size\t256 GB\nProcessor Count\t2\nChipset Brand\tIntel	Laptop 2	t	600	44	2021-12-15 11:06:37.893	2
3	700	2021-12-15 11:34:00.531	Most laptops are powerful enough for everyday business administrative, home, or school use. However, if a user does graphical work such as 3D rendering or movie encoding, a more advanced and powerful laptop is needed. As advanced as laptops are, the top-end ones still cannot compete with high powered desktops and workstations when processing power is needed.\n\nYour line of work will dictate the laptop type you need. Since there are so many options, tt's important to know what laptops with different specifications can do so that you can choose the right one for your business and budget.	A laptop computer is a small personal computer. They are designed to be more portable than traditional desktop computers, with many of the same abilities. Laptops are able to be folded flat for transportation and have a built-in keyboard and touchpad.	Laptop 3	t	650	43	2021-12-15 11:34:00.531	6
4	400	2021-12-15 11:53:03.869	About this item 15.6" diagonal HD SVA BrightView micro-edge WLED-backlit, 220 nits, 45% NTSC (1366 x 768) 10th Gen Intel Core i3-1005G1 (1.20 GHz - 3.40 GHz) | Intel UHD Graphics 8 GB DDR4 SDRAM | 256GB SSD | Windows 10 Home in S mode Built-in HD Webcam with Dual Speakers | WiFi 802.11ac and Bluetooth 4.2 Multi-format media card reader | 1 x USB-C 3.1 | 2 x USB 3.1 | 1 x HDMI | 1 x AC smart pin	Series HP 15 Laptop Brand HP Screen Size 15.6 Inches Operating System Windows 10 Human Interface Input Microphone, Keyboard CPU Manufacturer Intel Color Silver Hard Disk Size 256 GB Processor Count 2 Chipset Brand Intel	Laptop 1	t	389	55	2021-12-15 11:53:03.869	2
5	500	2021-12-15 11:55:01.622	About this item 15.6" diagonal HD SVA BrightView micro-edge WLED-backlit, 220 nits, 45% NTSC (1366 x 768) 10th Gen Intel Core i3-1005G1 (1.20 GHz - 3.40 GHz) | Intel UHD Graphics 8 GB DDR4 SDRAM | 256GB SSD | Windows 10 Home in S mode Built-in HD Webcam with Dual Speakers | WiFi 802.11ac and Bluetooth 4.2 Multi-format media card reader | 1 x USB-C 3.1 | 2 x USB 3.1 | 1 x HDMI | 1 x AC smart pin	Series HP 15 Laptop Brand HP Screen Size 15.6 Inches Operating System Windows 10 Human Interface Input Microphone, Keyboard CPU Manufacturer Intel Color Silver Hard Disk Size 256 GB Processor Count 2 Chipset Brand Intel	Computer 2	t	300	55	2021-12-15 11:55:01.622	2
6	443	2021-12-15 11:57:19.581	About this item 15.6" diagonal HD SVA BrightView micro-edge WLED-backlit, 220 nits, 45% NTSC (1366 x 768) 10th Gen Intel Core i3-1005G1 (1.20 GHz - 3.40 GHz) | Intel UHD Graphics 8 GB DDR4 SDRAM | 256GB SSD | Windows 10 Home in S mode Built-in HD Webcam with Dual Speakers | WiFi 802.11ac and Bluetooth 4.2 Multi-format media card reader | 1 x USB-C 3.1 | 2 x USB 3.1 | 1 x HDMI | 1 x AC smart pin	Series HP 15 Laptop Brand HP Screen Size 15.6 Inches Operating System Windows 10 Human Interface Input Microphone, Keyboard CPU Manufacturer Intel Color Silver Hard Disk Size 256 GB Processor Count 2 Chipset Brand Intel	Computer 2	f	443	33	2021-12-15 11:59:01.74	2
7	500	2021-12-15 12:00:11.774	About this item 15.6" diagonal HD SVA BrightView micro-edge WLED-backlit, 220 nits, 45% NTSC (1366 x 768) 10th Gen Intel Core i3-1005G1 (1.20 GHz - 3.40 GHz) | Intel UHD Graphics 8 GB DDR4 SDRAM | 256GB SSD | Windows 10 Home in S mode Built-in HD Webcam with Dual Speakers | WiFi 802.11ac and Bluetooth 4.2 Multi-format media card reader | 1 x USB-C 3.1 | 2 x USB 3.1 | 1 x HDMI | 1 x AC smart pin	Series HP 15 Laptop Brand HP Screen Size 15.6 Inches Operating System Windows 10 Human Interface Input Microphone, Keyboard CPU Manufacturer Intel Color Silver Hard Disk Size 256 GB Processor Count 2 Chipset Brand Intel	Computer 3	f	500	22	2021-12-15 12:00:11.774	2
\.


--
-- Data for Name: product_images; Type: TABLE DATA; Schema: public; Owner: miu_user
--

COPY public.product_images (id, extension, image_path, image_url, name, product_id) FROM stdin;
2	jpg	/home/aniz/Desktop/miu materials/academic/WAA/practical/mini-mart-ecommerce/images/products/Dummy.jpg	/images/products/Dummy.jpg	Dummy	2
3	jpg	/home/aniz/Desktop/miu materials/academic/WAA/practical/mini-mart-ecommerce/images/products/Dummy.jpg	/images/products/Dummy.jpg	Dummy	3
4	jpg	/home/aniz/Desktop/miu materials/academic/WAA/practical/mini-mart-ecommerce/images/products/Dummy.jpg	/images/products/Dummy.jpg	Dummy	4
5	jpg	/home/aniz/Desktop/miu materials/academic/WAA/practical/mini-mart-ecommerce/images/products/Dummy.jpg	/images/products/Dummy.jpg	Dummy	5
6	jpg	/home/aniz/Desktop/miu materials/academic/WAA/practical/mini-mart-ecommerce/images/products/Dummy.jpg	/images/products/Dummy.jpg	Dummy	6
7	jpg	/home/aniz/Desktop/miu materials/academic/WAA/practical/mini-mart-ecommerce/images/products/Dummy.jpg	/images/products/Dummy.jpg	Dummy	7
\.


--
-- Data for Name: role; Type: TABLE DATA; Schema: public; Owner: miu_user
--

COPY public.role (id, role) FROM stdin;
1	ADMIN
2	SELLER
3	BUYER
\.


--
-- Data for Name: shipping_address; Type: TABLE DATA; Schema: public; Owner: miu_user
--

COPY public.shipping_address (id, address, city, contact_no, state, user_id) FROM stdin;
1	100N	Fairfield	192739811	Iowa	3
2	1000 N 4th St	Fairfield	198237912	Iowa	7
3	2000 S	Mayfield	102831023	Iowa	3
4	400 E	WhoField	120938123	Colorado	7
\.


--
-- Data for Name: user_payment_details; Type: TABLE DATA; Schema: public; Owner: miu_user
--

COPY public.user_payment_details (id, card_no, expiry, payment_type, security_code, user_id) FROM stdin;
1	189237912731	43/34	Master	123	3
2	128939187249812	41/23	VISA	827	7
\.


--
-- Data for Name: users; Type: TABLE DATA; Schema: public; Owner: miu_user
--

COPY public.users (id, active, admin_approved, created_date, firstname, lastname, middlename, password, username, billing_address_id) FROM stdin;
1	t	t	2021-12-15 11:03:26.38	Admin	MiniMart		$2a$10$SvHRZ04UlkC8xzcZevpIhu8eyUhEkgZQUrhKOo.nqdLSgkbEeFWmu	admin@minimart.com	\N
2	t	t	2021-12-15 11:04:10.599	Seller	Good		$2a$10$NnYxw2gLwXkg.KYkY1T/fusZA44ppE3m7eeuy0QlVUvhBVFHwG782	seller.miu@minimart.com	\N
3	t	t	2021-12-15 11:08:03.4	New	Buyer		$2a$10$0LCKDPiIseJpVPqQZj5SOevNn5LKOjoER7Uwe01mqKEW8ofdNykeq	buyer.miu@minimart.com	1
4	t	f	2021-12-15 11:27:31.795	Seller	Two		$2a$10$dEvNnOHq2RkigKStgF6..OHbnUguuwCIjG3M5atNoOz/TJsefYmPC	seller2.miu@minimart.com	\N
5	t	f	2021-12-15 11:28:02.078	Seller3	Good	Three	$2a$10$/CgzEAhEP8JncX5mrQeGMu5rT/t/LwTrMEdrpI3bvwXhLN0Qwg9Ia	seller3.miu@minimart.com	\N
6	t	t	2021-12-15 11:28:49.175	Seller 	Good	Four	$2a$10$YFb1YID8WMGPl2kCAaW5hu3MT25FhujM/5HaEE9AnQnV7/B19Kw/6	seller4.miu@minimart.com	\N
7	t	t	2021-12-15 12:01:33.421	Buyer 	MIU	Two	$2a$10$ycJwRQkKCnQoBBnnFqs92u/aOOG06cvU5jdsuLjZNdQ2PQdv31Hta	buyer2.miu@minimart.com	2
8	t	f	2021-12-15 12:12:13.584	Anish	Maharjan		$2a$10$7ELiEi.HfMyyG/EclNbr8.MdZnk3wUr.DzUkLEePx6UJtZB0s2tT6	anizz.maharjan@gmail.com	\N
\.


--
-- Data for Name: users_role; Type: TABLE DATA; Schema: public; Owner: miu_user
--

COPY public.users_role (user_id, role_id) FROM stdin;
1	1
2	2
3	3
4	2
5	2
6	2
7	3
8	2
\.


--
-- Name: billing_address_id_seq; Type: SEQUENCE SET; Schema: public; Owner: miu_user
--

SELECT pg_catalog.setval('public.billing_address_id_seq', 2, true);


--
-- Name: cart_id_seq; Type: SEQUENCE SET; Schema: public; Owner: miu_user
--

SELECT pg_catalog.setval('public.cart_id_seq', 8, true);


--
-- Name: comments_id_seq; Type: SEQUENCE SET; Schema: public; Owner: miu_user
--

SELECT pg_catalog.setval('public.comments_id_seq', 5, true);


--
-- Name: followers_id_seq; Type: SEQUENCE SET; Schema: public; Owner: miu_user
--

SELECT pg_catalog.setval('public.followers_id_seq', 1, true);


--
-- Name: invoice_status_id_seq; Type: SEQUENCE SET; Schema: public; Owner: miu_user
--

SELECT pg_catalog.setval('public.invoice_status_id_seq', 2, true);


--
-- Name: invoices_id_seq; Type: SEQUENCE SET; Schema: public; Owner: miu_user
--

SELECT pg_catalog.setval('public.invoices_id_seq', 4, true);


--
-- Name: order_item_id_seq; Type: SEQUENCE SET; Schema: public; Owner: miu_user
--

SELECT pg_catalog.setval('public.order_item_id_seq', 7, true);


--
-- Name: order_status_id_seq; Type: SEQUENCE SET; Schema: public; Owner: miu_user
--

SELECT pg_catalog.setval('public.order_status_id_seq', 4, true);


--
-- Name: orders_id_seq; Type: SEQUENCE SET; Schema: public; Owner: miu_user
--

SELECT pg_catalog.setval('public.orders_id_seq', 4, true);


--
-- Name: payment_status_id_seq; Type: SEQUENCE SET; Schema: public; Owner: miu_user
--

SELECT pg_catalog.setval('public.payment_status_id_seq', 4, true);


--
-- Name: payments_id_seq; Type: SEQUENCE SET; Schema: public; Owner: miu_user
--

SELECT pg_catalog.setval('public.payments_id_seq', 4, true);


--
-- Name: product_id_seq; Type: SEQUENCE SET; Schema: public; Owner: miu_user
--

SELECT pg_catalog.setval('public.product_id_seq', 7, true);


--
-- Name: product_images_id_seq; Type: SEQUENCE SET; Schema: public; Owner: miu_user
--

SELECT pg_catalog.setval('public.product_images_id_seq', 7, true);


--
-- Name: role_id_seq; Type: SEQUENCE SET; Schema: public; Owner: miu_user
--

SELECT pg_catalog.setval('public.role_id_seq', 3, true);


--
-- Name: shipping_address_id_seq; Type: SEQUENCE SET; Schema: public; Owner: miu_user
--

SELECT pg_catalog.setval('public.shipping_address_id_seq', 4, true);


--
-- Name: user_payment_details_id_seq; Type: SEQUENCE SET; Schema: public; Owner: miu_user
--

SELECT pg_catalog.setval('public.user_payment_details_id_seq', 2, true);


--
-- Name: users_id_seq; Type: SEQUENCE SET; Schema: public; Owner: miu_user
--

SELECT pg_catalog.setval('public.users_id_seq', 8, true);


--
-- Name: billing_address billing_address_pkey; Type: CONSTRAINT; Schema: public; Owner: miu_user
--

ALTER TABLE ONLY public.billing_address
    ADD CONSTRAINT billing_address_pkey PRIMARY KEY (id);


--
-- Name: cart cart_pkey; Type: CONSTRAINT; Schema: public; Owner: miu_user
--

ALTER TABLE ONLY public.cart
    ADD CONSTRAINT cart_pkey PRIMARY KEY (id);


--
-- Name: comments comments_pkey; Type: CONSTRAINT; Schema: public; Owner: miu_user
--

ALTER TABLE ONLY public.comments
    ADD CONSTRAINT comments_pkey PRIMARY KEY (id);


--
-- Name: followers followers_pkey; Type: CONSTRAINT; Schema: public; Owner: miu_user
--

ALTER TABLE ONLY public.followers
    ADD CONSTRAINT followers_pkey PRIMARY KEY (id);


--
-- Name: invoice_status invoice_status_pkey; Type: CONSTRAINT; Schema: public; Owner: miu_user
--

ALTER TABLE ONLY public.invoice_status
    ADD CONSTRAINT invoice_status_pkey PRIMARY KEY (id);


--
-- Name: invoices invoices_pkey; Type: CONSTRAINT; Schema: public; Owner: miu_user
--

ALTER TABLE ONLY public.invoices
    ADD CONSTRAINT invoices_pkey PRIMARY KEY (id);


--
-- Name: order_item order_item_pkey; Type: CONSTRAINT; Schema: public; Owner: miu_user
--

ALTER TABLE ONLY public.order_item
    ADD CONSTRAINT order_item_pkey PRIMARY KEY (id);


--
-- Name: order_status order_status_pkey; Type: CONSTRAINT; Schema: public; Owner: miu_user
--

ALTER TABLE ONLY public.order_status
    ADD CONSTRAINT order_status_pkey PRIMARY KEY (id);


--
-- Name: orders orders_pkey; Type: CONSTRAINT; Schema: public; Owner: miu_user
--

ALTER TABLE ONLY public.orders
    ADD CONSTRAINT orders_pkey PRIMARY KEY (id);


--
-- Name: payment_status payment_status_pkey; Type: CONSTRAINT; Schema: public; Owner: miu_user
--

ALTER TABLE ONLY public.payment_status
    ADD CONSTRAINT payment_status_pkey PRIMARY KEY (id);


--
-- Name: payments payments_pkey; Type: CONSTRAINT; Schema: public; Owner: miu_user
--

ALTER TABLE ONLY public.payments
    ADD CONSTRAINT payments_pkey PRIMARY KEY (id);


--
-- Name: product_images product_images_pkey; Type: CONSTRAINT; Schema: public; Owner: miu_user
--

ALTER TABLE ONLY public.product_images
    ADD CONSTRAINT product_images_pkey PRIMARY KEY (id);


--
-- Name: product product_pkey; Type: CONSTRAINT; Schema: public; Owner: miu_user
--

ALTER TABLE ONLY public.product
    ADD CONSTRAINT product_pkey PRIMARY KEY (id);


--
-- Name: role role_pkey; Type: CONSTRAINT; Schema: public; Owner: miu_user
--

ALTER TABLE ONLY public.role
    ADD CONSTRAINT role_pkey PRIMARY KEY (id);


--
-- Name: shipping_address shipping_address_pkey; Type: CONSTRAINT; Schema: public; Owner: miu_user
--

ALTER TABLE ONLY public.shipping_address
    ADD CONSTRAINT shipping_address_pkey PRIMARY KEY (id);


--
-- Name: user_payment_details user_payment_details_pkey; Type: CONSTRAINT; Schema: public; Owner: miu_user
--

ALTER TABLE ONLY public.user_payment_details
    ADD CONSTRAINT user_payment_details_pkey PRIMARY KEY (id);


--
-- Name: users users_pkey; Type: CONSTRAINT; Schema: public; Owner: miu_user
--

ALTER TABLE ONLY public.users
    ADD CONSTRAINT users_pkey PRIMARY KEY (id);


--
-- Name: users_role users_role_pkey; Type: CONSTRAINT; Schema: public; Owner: miu_user
--

ALTER TABLE ONLY public.users_role
    ADD CONSTRAINT users_role_pkey PRIMARY KEY (user_id, role_id);


--
-- Name: orders fk2dntnxe9677sy06ujhix6o2bp; Type: FK CONSTRAINT; Schema: public; Owner: miu_user
--

ALTER TABLE ONLY public.orders
    ADD CONSTRAINT fk2dntnxe9677sy06ujhix6o2bp FOREIGN KEY (shipping_address_id) REFERENCES public.shipping_address(id);


--
-- Name: orders fk32ql8ubntj5uh44ph9659tiih; Type: FK CONSTRAINT; Schema: public; Owner: miu_user
--

ALTER TABLE ONLY public.orders
    ADD CONSTRAINT fk32ql8ubntj5uh44ph9659tiih FOREIGN KEY (user_id) REFERENCES public.users(id);


--
-- Name: cart fk3d704slv66tw6x5hmbm6p2x3u; Type: FK CONSTRAINT; Schema: public; Owner: miu_user
--

ALTER TABLE ONLY public.cart
    ADD CONSTRAINT fk3d704slv66tw6x5hmbm6p2x3u FOREIGN KEY (product_id) REFERENCES public.product(id);


--
-- Name: users_role fk3qjq7qsiigxa82jgk0i0wuq3g; Type: FK CONSTRAINT; Schema: public; Owner: miu_user
--

ALTER TABLE ONLY public.users_role
    ADD CONSTRAINT fk3qjq7qsiigxa82jgk0i0wuq3g FOREIGN KEY (role_id) REFERENCES public.role(id);


--
-- Name: product fk47nyv78b35eaufr6aa96vep6n; Type: FK CONSTRAINT; Schema: public; Owner: miu_user
--

ALTER TABLE ONLY public.product
    ADD CONSTRAINT fk47nyv78b35eaufr6aa96vep6n FOREIGN KEY (user_id) REFERENCES public.users(id);


--
-- Name: order_item fk551losx9j75ss5d6bfsqvijna; Type: FK CONSTRAINT; Schema: public; Owner: miu_user
--

ALTER TABLE ONLY public.order_item
    ADD CONSTRAINT fk551losx9j75ss5d6bfsqvijna FOREIGN KEY (product_id) REFERENCES public.product(id);


--
-- Name: followers fk5maf58bmfneyk1h1ltlehgn3g; Type: FK CONSTRAINT; Schema: public; Owner: miu_user
--

ALTER TABLE ONLY public.followers
    ADD CONSTRAINT fk5maf58bmfneyk1h1ltlehgn3g FOREIGN KEY (following) REFERENCES public.users(id);


--
-- Name: user_payment_details fk6kg60d1eylumcmqi1ooys710i; Type: FK CONSTRAINT; Schema: public; Owner: miu_user
--

ALTER TABLE ONLY public.user_payment_details
    ADD CONSTRAINT fk6kg60d1eylumcmqi1ooys710i FOREIGN KEY (user_id) REFERENCES public.users(id);


--
-- Name: comments fk8omq0tc18jd43bu5tjh6jvraq; Type: FK CONSTRAINT; Schema: public; Owner: miu_user
--

ALTER TABLE ONLY public.comments
    ADD CONSTRAINT fk8omq0tc18jd43bu5tjh6jvraq FOREIGN KEY (user_id) REFERENCES public.users(id);


--
-- Name: orders fk9dfbu83xi52nry745qcfjtoa8; Type: FK CONSTRAINT; Schema: public; Owner: miu_user
--

ALTER TABLE ONLY public.orders
    ADD CONSTRAINT fk9dfbu83xi52nry745qcfjtoa8 FOREIGN KEY (order_status_code) REFERENCES public.order_status(id);


--
-- Name: users fkfjc18hlse19mwm6ighdgupwqv; Type: FK CONSTRAINT; Schema: public; Owner: miu_user
--

ALTER TABLE ONLY public.users
    ADD CONSTRAINT fkfjc18hlse19mwm6ighdgupwqv FOREIGN KEY (billing_address_id) REFERENCES public.billing_address(id);


--
-- Name: cart fkg5uhi8vpsuy0lgloxk2h4w5o6; Type: FK CONSTRAINT; Schema: public; Owner: miu_user
--

ALTER TABLE ONLY public.cart
    ADD CONSTRAINT fkg5uhi8vpsuy0lgloxk2h4w5o6 FOREIGN KEY (user_id) REFERENCES public.users(id);


--
-- Name: invoices fkhvcgdp7iyf1jsjl7ugnvitswi; Type: FK CONSTRAINT; Schema: public; Owner: miu_user
--

ALTER TABLE ONLY public.invoices
    ADD CONSTRAINT fkhvcgdp7iyf1jsjl7ugnvitswi FOREIGN KEY (invoice_status_code) REFERENCES public.invoice_status(id);


--
-- Name: product_images fki8jnqq05sk5nkma3pfp3ylqrt; Type: FK CONSTRAINT; Schema: public; Owner: miu_user
--

ALTER TABLE ONLY public.product_images
    ADD CONSTRAINT fki8jnqq05sk5nkma3pfp3ylqrt FOREIGN KEY (product_id) REFERENCES public.product(id);


--
-- Name: shipping_address fkilmh1is3sdv0h8xdsrh0yn5f3; Type: FK CONSTRAINT; Schema: public; Owner: miu_user
--

ALTER TABLE ONLY public.shipping_address
    ADD CONSTRAINT fkilmh1is3sdv0h8xdsrh0yn5f3 FOREIGN KEY (user_id) REFERENCES public.users(id);


--
-- Name: comments fkj9to9e3tjoimlgn3w4vjm4xe3; Type: FK CONSTRAINT; Schema: public; Owner: miu_user
--

ALTER TABLE ONLY public.comments
    ADD CONSTRAINT fkj9to9e3tjoimlgn3w4vjm4xe3 FOREIGN KEY (product_id) REFERENCES public.product(id);


--
-- Name: payments fkjijkpht6wv2e39j7r0382hh7b; Type: FK CONSTRAINT; Schema: public; Owner: miu_user
--

ALTER TABLE ONLY public.payments
    ADD CONSTRAINT fkjijkpht6wv2e39j7r0382hh7b FOREIGN KEY (payment_status_id) REFERENCES public.payment_status(id);


--
-- Name: invoices fkn3bx9w6xbs8cdo5e2oujs9hu5; Type: FK CONSTRAINT; Schema: public; Owner: miu_user
--

ALTER TABLE ONLY public.invoices
    ADD CONSTRAINT fkn3bx9w6xbs8cdo5e2oujs9hu5 FOREIGN KEY (user_payment_detail_id) REFERENCES public.user_payment_details(id);


--
-- Name: followers fkndvqwh40g1qt4xirl6vp2d6m6; Type: FK CONSTRAINT; Schema: public; Owner: miu_user
--

ALTER TABLE ONLY public.followers
    ADD CONSTRAINT fkndvqwh40g1qt4xirl6vp2d6m6 FOREIGN KEY (user_id) REFERENCES public.users(id);


--
-- Name: invoices fkq6fs19k0gqw3rg0mb87h60h6p; Type: FK CONSTRAINT; Schema: public; Owner: miu_user
--

ALTER TABLE ONLY public.invoices
    ADD CONSTRAINT fkq6fs19k0gqw3rg0mb87h60h6p FOREIGN KEY (payment_id) REFERENCES public.payments(id);


--
-- Name: users_role fkqpe36jsen4rslwfx5i6dj2fy8; Type: FK CONSTRAINT; Schema: public; Owner: miu_user
--

ALTER TABLE ONLY public.users_role
    ADD CONSTRAINT fkqpe36jsen4rslwfx5i6dj2fy8 FOREIGN KEY (user_id) REFERENCES public.users(id);


--
-- Name: orders fkr0sctxctxvnbhfqn41bfvv51i; Type: FK CONSTRAINT; Schema: public; Owner: miu_user
--

ALTER TABLE ONLY public.orders
    ADD CONSTRAINT fkr0sctxctxvnbhfqn41bfvv51i FOREIGN KEY (invoice_id) REFERENCES public.invoices(id);


--
-- Name: payments fkrbqec6be74wab8iifh8g3i50i; Type: FK CONSTRAINT; Schema: public; Owner: miu_user
--

ALTER TABLE ONLY public.payments
    ADD CONSTRAINT fkrbqec6be74wab8iifh8g3i50i FOREIGN KEY (invoice_id) REFERENCES public.invoices(id);


--
-- Name: order_item fkt4dc2r9nbvbujrljv3e23iibt; Type: FK CONSTRAINT; Schema: public; Owner: miu_user
--

ALTER TABLE ONLY public.order_item
    ADD CONSTRAINT fkt4dc2r9nbvbujrljv3e23iibt FOREIGN KEY (order_id) REFERENCES public.orders(id);


--
-- PostgreSQL database dump complete
--

